<?xml version="1.0" encoding="UTF-8" standalone="yes"?>
<ns2:ExportManifest xmlns:ns2="http://www.pentaho.com/schema/">
    <ExportManifestInformation exportDate="10-06-2014 11:52:51 IST" exportBy="admin" rootFolder="/home/admin/"/>
    <ExportManifestEntity path="rangeslider.wcdf">
        <ExportManifestProperty>
            <EntityMetaData name="rangeslider.wcdf" createdDate="2014-06-10T11:52:31.890+05:30" isFolder="false" path="rangeslider.wcdf" isHidden="false" locale="en_US" title="rangeslider"/>
        </ExportManifestProperty>
        <ExportManifestProperty>
            <EntityAcl>
                <entriesInheriting>true</entriesInheriting>
                <owner>admin</owner>
                <ownerType>USER</ownerType>
            </EntityAcl>
        </ExportManifestProperty>
    </ExportManifestEntity>
</ns2:ExportManifest>
