<?xml version="1.0" encoding="UTF-8" standalone="yes"?>
<ns2:ExportManifest xmlns:ns2="http://www.pentaho.com/schema/">
    <ExportManifestInformation exportDate="10-06-2014 11:52:58 IST" exportBy="admin" rootFolder="/home/admin/"/>
    <ExportManifestEntity path="rangeslider.cda">
        <ExportManifestProperty>
            <EntityMetaData name="rangeslider.cda" createdDate="2014-06-06T18:46:02.399+05:30" isFolder="false" path="rangeslider.cda" isHidden="false" locale="en_US" title="rangeslider.cda"/>
        </ExportManifestProperty>
        <ExportManifestProperty>
            <EntityAcl>
                <entriesInheriting>true</entriesInheriting>
                <owner>admin</owner>
                <ownerType>USER</ownerType>
            </EntityAcl>
        </ExportManifestProperty>
    </ExportManifestEntity>
</ns2:ExportManifest>
