<?xml version="1.0" encoding="UTF-8" standalone="yes"?>
<ns2:ExportManifest xmlns:ns2="http://www.pentaho.com/schema/">
    <ExportManifestInformation exportDate="10-06-2014 11:53:03 IST" exportBy="admin" rootFolder="/home/admin/"/>
    <ExportManifestEntity path="rangeslider.cdfde">
        <ExportManifestProperty>
            <EntityMetaData name="rangeslider.cdfde" createdDate="2014-06-06T17:34:06.967+05:30" isFolder="false" path="rangeslider.cdfde" isHidden="false" locale="en_US" title="rangeslider.cdfde"/>
        </ExportManifestProperty>
        <ExportManifestProperty>
            <EntityAcl>
                <entriesInheriting>true</entriesInheriting>
                <owner>admin</owner>
                <ownerType>USER</ownerType>
            </EntityAcl>
        </ExportManifestProperty>
    </ExportManifestEntity>
</ns2:ExportManifest>
